dry_queue_g,electricity,harvest_g,manual_minutes,mode,operating_net,policy,pots,sold_g,stock_g,wages,worker_waterings
0.0,56.0,120.0,44,0,2818.6,recznie,2,99,21.0,0.0,0
0.0,56.0,120.0,0,0,2722.6,12_zl,2,99,21.0,96.0,16
0.0,56.0,120.0,0,0,2338.6,60_zl,2,99,21.0,480.0,16
24.0,112.0,168.0,56,1,3971.2,recznie,2,140,4.0,0.0,0
24.0,112.0,168.0,0,1,3887.2,12_zl,2,140,4.0,84.0,14
24.0,112.0,168.0,0,1,3551.2,60_zl,2,140,4.0,420.0,14
0.0,140.0,360.0,132,0,7801.8,recznie,6,275,85.0,0.0,0
24.0,140.0,332.0,0,0,7426.4,12_zl,6,270,38.0,252.0,42
24.0,140.0,332.0,0,0,6418.4,60_zl,6,270,38.0,1260.0,42
72.0,280.0,504.0,168,1,8000.4,recznie,6,292,140.0,0.0,0
72.0,280.0,504.0,0,1,7748.4,12_zl,6,292,140.0,252.0,42
72.0,280.0,504.0,0,1,6740.4,60_zl,6,292,140.0,1260.0,42
36.0,224.0,600.0,220,0,7240.8,recznie,10,272,292.0,0.0,0
24.0,224.0,424.0,0,0,7018.0,12_zl,10,268,132.0,324.0,54
24.0,224.0,424.0,0,0,5722.0,60_zl,10,268,132.0,1620.0,54
120.0,448.0,840.0,280,1,7317.6,recznie,10,292,428.0,0.0,0
72.0,448.0,632.0,0,1,7187.0,12_zl,10,292,268.0,348.0,58
72.0,448.0,632.0,0,1,5795.0,60_zl,10,292,268.0,1740.0,58
